{"lang":"en","name":"core_web_md","license":"MIT","author":"Explosion","url":"https://explosion.ai","email":"contact@explosion.ai","description":"English multi-task CNN trained on OntoNotes, with GloVe vectors trained on Common Crawl. Assigns word vectors, context-specific token vectors, POS tags, dependency parse and named entities.","sources":[{"name":"OntoNotes 5","url":"https://catalog.ldc.upenn.edu/LDC2013T19","license":"commercial (licensed by Explosion)"},{"name":"Common Crawl"}],"pipeline":["tagger","parser","ner"],"version":"2.2.5","spacy_version":">=2.2.2","parent_package":"spacy","accuracy":{"las":90.0947566433,"uas":91.9330277337,"token_acc":99.7579930934,"tags_acc":97.1548115717,"ents_f":86.2545454545,"ents_p":86.3414907319,"ents_r":86.1677751076},"speed":{"cpu":6605.6848546933,"gpu":null,"nwords":291314},"labels":{"tagger":["$","''",",","-LRB-","-RRB-",".",":","ADD","AFX","CC","CD","DT","EX","FW","HYPH","IN","JJ","JJR","JJS","LS","MD","NFP","NN","NNP","NNPS","NNS","PDT","POS","PRP","PRP$","RB","RBR","RBS","RP","SYM","TO","UH","VB","VBD","VBG","VBN","VBP","VBZ","WDT","WP","WP$","WRB","XX","_SP","``"],"parser":["ROOT","acl","acomp","advcl","advmod","agent","amod","appos","attr","aux","auxpass","case","cc","ccomp","compound","conj","csubj","csubjpass","dative","dep","det","dobj","expl","intj","mark","meta","neg","nmod","npadvmod","nsubj","nsubjpass","nummod","oprd","parataxis","pcomp","pobj","poss","preconj","predet","prep","prt","punct","quantmod","relcl","xcomp"],"ner":["CARDINAL","DATE","EVENT","FAC","GPE","LANGUAGE","LAW","LOC","MONEY","NORP","ORDINAL","ORG","PERCENT","PERSON","PERSON_SUSPECT","PRODUCT","QUANTITY","TIME","WORK_OF_ART"]},"vectors":{"width":300,"vectors":20000,"keys":684830,"name":"en_core_web_md.vectors"},"factories":{"tagger":"tagger","parser":"parser","ner":"ner"}}